Profesor	Id. Asignatura	Horas	Resp	Asignatura
Anonimizado 1	116	60	1	Fundamentos Físicos de la Informática
Anonimizado 1	41	20		Robótica y Domótica
Anonimizado 1				
Anonimizado 1				
Anonimizado 1				
Anonimizado 1				
Anonimizado 1				
Anonimizado 1				
Anonimizado 1				
Anonimizado 1				
Anonimizado 1				
Anonimizado 1				
Anonimizado 2	71	60	1	Algoritmos Avanzados
Anonimizado 2	169	0	1	Algoritmos Avanzados
Anonimizado 2				
Anonimizado 2				
Anonimizado 2				
Anonimizado 2				
Anonimizado 2				
Anonimizado 2				
Anonimizado 2				
Anonimizado 2				
Anonimizado 2				
Anonimizado 2				
Anonimizado 3	131	24	1	Inteligencia Artificial
Anonimizado 3	98	24		Ingeniería del Conocimiento
Anonimizado 3	63	24	1	Inteligencia Artificial
Anonimizado 3	37	24		Sistemas Inteligentes
Anonimizado 3	161	0	1	Inteligencia Artificial
Anonimizado 3				
Anonimizado 3				
Anonimizado 3				
Anonimizado 3				
Anonimizado 3				
Anonimizado 3				
Anonimizado 3				
Anonimizado 4	7	30	1	Optimización y Análisis de Redes
Anonimizado 4	100	30		Investigación Operativa
Anonimizado 4	295	30	1	Métodos Estadísticos de Gestión e Investigación
Anonimizado 4				
Anonimizado 4				
Anonimizado 4				
Anonimizado 4				
Anonimizado 4				
Anonimizado 4				
Anonimizado 4				
Anonimizado 4				
Anonimizado 4				
Anonimizado 5	88	45		Diseño y Análisis de Algoritmos
Anonimizado 5	201	20		Algoritmos para Juegos
Anonimizado 5	272	25		Diseño y Análisis de Algoritmos
Anonimizado 5				
Anonimizado 5				
Anonimizado 5				
Anonimizado 5				
Anonimizado 5				
Anonimizado 5				
Anonimizado 5				
Anonimizado 5				
Anonimizado 5				
Anonimizado 6	301	15	1	Antecedentes y Desarrollo de la Inteligencia Artificial (HUM)
Anonimizado 6	5	25	1	Minería de Datos
Anonimizado 6	235	45	1	Estadística
Anonimizado 6	313	5		Trabajo Fin de Grado
Anonimizado 6				
Anonimizado 6				
Anonimizado 6				
Anonimizado 6				
Anonimizado 6				
Anonimizado 6				
Anonimizado 6				
Anonimizado 6				
Anonimizado 7	75	45	1	Visión Artificial
Anonimizado 7	186	30		Estructuras de Datos
Anonimizado 7	172	0	1	Visión Artificial
Anonimizado 7				
Anonimizado 7				
Anonimizado 7				
Anonimizado 7				
Anonimizado 7				
Anonimizado 7				
Anonimizado 7				
Anonimizado 7				
Anonimizado 7				
Anonimizado 8	131	30		Inteligencia Artificial
Anonimizado 8	98	20		Ingeniería del Conocimiento
Anonimizado 8	63	20		Inteligencia Artificial
Anonimizado 8	37	20	1	Sistemas Inteligentes
Anonimizado 8	161	0		Inteligencia Artificial
Anonimizado 8				
Anonimizado 8				
Anonimizado 8				
Anonimizado 8				
Anonimizado 8				
Anonimizado 8				
Anonimizado 8				
Anonimizado 9	6	60	1	Modelos Estadísticos para la Predicción
Anonimizado 9	306	60	1	Probabilidad y Estadística
Anonimizado 9	313	8		Trabajo Fin de Grado
Anonimizado 9				
Anonimizado 9				
Anonimizado 9				
Anonimizado 9				
Anonimizado 9				
Anonimizado 9				
Anonimizado 9				
Anonimizado 9				
Anonimizado 9				
Anonimizado 10				
Anonimizado 10				
Anonimizado 10				
Anonimizado 10				
Anonimizado 10				
Anonimizado 10				
Anonimizado 10				
Anonimizado 10				
Anonimizado 10				
Anonimizado 10				
Anonimizado 10				
Anonimizado 10				
Anonimizado 11	187	20		Física para Videojuegos
Anonimizado 11	202	30		Animación 3D
Anonimizado 11				
Anonimizado 11				
Anonimizado 11				
Anonimizado 11				
Anonimizado 11				
Anonimizado 11				
Anonimizado 11				
Anonimizado 11				
Anonimizado 11				
Anonimizado 11				
Anonimizado 12	33	60	1	Diseño de Sistemas Empotrados
Anonimizado 12	69	60	1	Sistemas Empotrados y de Tiempo Real
Anonimizado 12	137	60	1	Sistemas Empotrados y de Tiempo Real
Anonimizado 12	167	0		Sistemas Empotrados y de Tiempo Real
Anonimizado 12	165	0		Seguridad Informática
Anonimizado 12				
Anonimizado 12				
Anonimizado 12				
Anonimizado 12				
Anonimizado 12				
Anonimizado 12				
Anonimizado 12				
Anonimizado 13	117	60	1	Introducción a la Programación (Grupo 1)
Anonimizado 13	45	30		Estructuras de Datos (Grupo 2)
Anonimizado 13	153	0		Ingeniería del Software
Anonimizado 13				
Anonimizado 13				
Anonimizado 13				
Anonimizado 13				
Anonimizado 13				
Anonimizado 13				
Anonimizado 13				
Anonimizado 13				
Anonimizado 13				
Anonimizado 14	66	30	1	Programación Declarativa
Anonimizado 14	134	30	1	Programación Declarativa
Anonimizado 14	128	36		Teoría de Autómatas y Lenguajes Formales
Anonimizado 14	164	0		Programación Declarativa
Anonimizado 14	158	0		Teoría de Autómatas y Lenguajes Formales
Anonimizado 14				
Anonimizado 14				
Anonimizado 14				
Anonimizado 14				
Anonimizado 14				
Anonimizado 14				
Anonimizado 14				
Anonimizado 15	186	60	1	Estructuras de Datos
Anonimizado 15	188	35	1	Matemática Discreta
Anonimizado 15	145	0		Estructuras de Datos
Anonimizado 15				
Anonimizado 15				
Anonimizado 15				
Anonimizado 15				
Anonimizado 15				
Anonimizado 15				
Anonimizado 15				
Anonimizado 15				
Anonimizado 15				
Anonimizado 16	258	60	1	Introducción a la Ciberseguridad
Anonimizado 16	281	60	1	Análisis y Gestión del Riesgo
Anonimizado 16	313	40		Trabajo Fin de Grado
Anonimizado 16				
Anonimizado 16				
Anonimizado 16				
Anonimizado 16				
Anonimizado 16				
Anonimizado 16				
Anonimizado 16				
Anonimizado 16				
Anonimizado 16				
Anonimizado 17	56	60	1	Métodos Operativos y Estadísticos de Gestión
Anonimizado 17	91	60	1	Métodos Operativos y Estadísticos de Gestión
Anonimizado 17	154	0	1	Métodos Operativos y Estadísticos de Gestión
Anonimizado 17				
Anonimizado 17				
Anonimizado 17				
Anonimizado 17				
Anonimizado 17				
Anonimizado 17				
Anonimizado 17				
Anonimizado 17				
Anonimizado 17				
Anonimizado 18	308	60	1	Programación Declarativa
Anonimizado 18	40	60	1	Máquinas Secuenciales, Autómatas y Lenguajes
Anonimizado 18	66	30		Programación Declarativa
Anonimizado 18	134	30		Programación Declarativa
Anonimizado 18	313	60		Trabajo Fin de Grado
Anonimizado 18				
Anonimizado 18				
Anonimizado 18				
Anonimizado 18				
Anonimizado 18				
Anonimizado 18				
Anonimizado 18				
Anonimizado 19	313	5		Trabajo Fin de Grado
Anonimizado 19	101	55	1	Procesos de Software
Anonimizado 19	273	55	1	Ingeniería del Software
Anonimizado 19	94	20		Calidad del Software
Anonimizado 19	199	16		Proceso de Desarrollo de Videojuegos
Anonimizado 19				
Anonimizado 19				
Anonimizado 19				
Anonimizado 19				
Anonimizado 19				
Anonimizado 19				
Anonimizado 19				
Anonimizado 20	20	30		Bases de Datos
Anonimizado 20	120	45	1	Bases de Datos
Anonimizado 20	300	15		Modelos de Datos y de la Información
Anonimizado 20	150	0		Bases de Datos
Anonimizado 20				
Anonimizado 20				
Anonimizado 20				
Anonimizado 20				
Anonimizado 20				
Anonimizado 20				
Anonimizado 20				
Anonimizado 20				
Anonimizado 21	201	10		Algoritmos para Juegos
Anonimizado 21	304	50		Programación I
Anonimizado 21				
Anonimizado 21				
Anonimizado 21				
Anonimizado 21				
Anonimizado 21				
Anonimizado 21				
Anonimizado 21				
Anonimizado 21				
Anonimizado 21				
Anonimizado 21				
Anonimizado 22	198	60		Informática Gráfica
Anonimizado 22				
Anonimizado 22				
Anonimizado 22				
Anonimizado 22				
Anonimizado 22				
Anonimizado 22				
Anonimizado 22				
Anonimizado 22				
Anonimizado 22				
Anonimizado 22				
Anonimizado 22				
Anonimizado 23	131	16		Inteligencia Artificial
Anonimizado 23	98	16	1	Ingeniería del Conocimiento
Anonimizado 23	63	16		Inteligencia Artificial
Anonimizado 23	37	16		Sistemas Inteligentes
Anonimizado 23	141	30	1	Sistemas Basados en Conocimiento
Anonimizado 23	161	0		Inteligencia Artificial
Anonimizado 23				
Anonimizado 23				
Anonimizado 23				
Anonimizado 23				
Anonimizado 23				
Anonimizado 23				
Anonimizado 24	28	30	1	Ampliación de Redes de Computadores
Anonimizado 24	96	60	1	Diseño y Arquitectura del Software
Anonimizado 24	313	5	1	Trabajo Fin de Grado
Anonimizado 24				
Anonimizado 24				
Anonimizado 24				
Anonimizado 24				
Anonimizado 24				
Anonimizado 24				
Anonimizado 24				
Anonimizado 24				
Anonimizado 24				
Anonimizado 25	313	20		Trabajo Fin de Grado
Anonimizado 25	115	60	1	Fundamentos de Computadores
Anonimizado 25	122	10		Estructura de Computadores
Anonimizado 25	155	0		Organización y Arquitectura de Computadores
Anonimizado 25				
Anonimizado 25				
Anonimizado 25				
Anonimizado 25				
Anonimizado 25				
Anonimizado 25				
Anonimizado 25				
Anonimizado 25				
Anonimizado 26	113	30		Estructuras de Datos (Grupo 1)
Anonimizado 26	304	40		Programación I
Anonimizado 26				
Anonimizado 26				
Anonimizado 26				
Anonimizado 26				
Anonimizado 26				
Anonimizado 26				
Anonimizado 26				
Anonimizado 26				
Anonimizado 26				
Anonimizado 26				
Anonimizado 27	120	45		Bases de Datos
Anonimizado 27	300	45	1	Modelos de Datos y de la Información
Anonimizado 27	150	0	1	Bases de Datos
Anonimizado 27				
Anonimizado 27				
Anonimizado 27				
Anonimizado 27				
Anonimizado 27				
Anonimizado 27				
Anonimizado 27				
Anonimizado 27				
Anonimizado 27				
Anonimizado 28	23	60	1	Organización de Computadores
Anonimizado 28	309	30		Fundamentos de Arquitectura de Computadores
Anonimizado 28				
Anonimizado 28				
Anonimizado 28				
Anonimizado 28				
Anonimizado 28				
Anonimizado 28				
Anonimizado 28				
Anonimizado 28				
Anonimizado 28				
Anonimizado 28				
Anonimizado 29	301	15		Antecedentes y Desarrollo de la Inteligencia Artificial (HUM)
Anonimizado 29	5	25		Minería de Datos
Anonimizado 29	80	40	1	Introducción a la Informática (Grupo 1)
Anonimizado 29	313	10		Trabajo Fin de Grado
Anonimizado 29				
Anonimizado 29				
Anonimizado 29				
Anonimizado 29				
Anonimizado 29				
Anonimizado 29				
Anonimizado 29				
Anonimizado 29				
Anonimizado 30	70	30	1	Sistemas Operativos
Anonimizado 30	313	14		Trabajo Fin de Grado
Anonimizado 30				
Anonimizado 30				
Anonimizado 30				
Anonimizado 30				
Anonimizado 30				
Anonimizado 30				
Anonimizado 30				
Anonimizado 30				
Anonimizado 30				
Anonimizado 30				
Anonimizado 31	65	60	1	Procesadores de Lenguajes
Anonimizado 31	163	0	1	Procesadores de Lenguajes
Anonimizado 31	313	8		Trabajo Fin de Grado
Anonimizado 31				
Anonimizado 31				
Anonimizado 31				
Anonimizado 31				
Anonimizado 31				
Anonimizado 31				
Anonimizado 31				
Anonimizado 31				
Anonimizado 31				
Anonimizado 32	48	80	1	Fundamentos Físicos de la Informática
Anonimizado 32	41	20	1	Robótica y Domótica
Anonimizado 32	54	35	1	Estructura de Computadores
Anonimizado 32	313	10		Trabajo Fin de Grado
Anonimizado 32	147	0		Fundamentos Físicos de la Informática
Anonimizado 32				
Anonimizado 32				
Anonimizado 32				
Anonimizado 32				
Anonimizado 32				
Anonimizado 32				
Anonimizado 32				
Anonimizado 33	182	30		Informática y Competencia Digital Docente
Anonimizado 33	313	26		Trabajo Fin de Grado
Anonimizado 33				
Anonimizado 33				
Anonimizado 33				
Anonimizado 33				
Anonimizado 33				
Anonimizado 33				
Anonimizado 33				
Anonimizado 33				
Anonimizado 33				
Anonimizado 33				
Anonimizado 34	143	60	1	Visión Artificial
Anonimizado 34	313	4		Trabajo Fin de Grado
Anonimizado 34				
Anonimizado 34				
Anonimizado 34				
Anonimizado 34				
Anonimizado 34				
Anonimizado 34				
Anonimizado 34				
Anonimizado 34				
Anonimizado 34				
Anonimizado 34				
Anonimizado 35	31	60	1	Desarrollo de Aplicaciones Distribuidas
Anonimizado 35	61	30	1	Ampliación de Ingeniería del Software
Anonimizado 35	166	0		Sistemas Distribuidos
Anonimizado 35				
Anonimizado 35				
Anonimizado 35				
Anonimizado 35				
Anonimizado 35				
Anonimizado 35				
Anonimizado 35				
Anonimizado 35				
Anonimizado 35				
Anonimizado 36	310	60		Fundamentos Físicos de los Computadores
Anonimizado 36	256	30		Estructuras de Datos
Anonimizado 36	149	0		Principios Jurídicos Básicos, Deontología Profesional e Igualdad
Anonimizado 36				
Anonimizado 36				
Anonimizado 36				
Anonimizado 36				
Anonimizado 36				
Anonimizado 36				
Anonimizado 36				
Anonimizado 36				
Anonimizado 36				
Anonimizado 37	118	60		Introducción a la Programación (Grupo 2)
Anonimizado 37	123	60		Ingeniería del Software
Anonimizado 37				
Anonimizado 37				
Anonimizado 37				
Anonimizado 37				
Anonimizado 37				
Anonimizado 37				
Anonimizado 37				
Anonimizado 37				
Anonimizado 37				
Anonimizado 37				
Anonimizado 38	268	50	1	Redes de Computadores
Anonimizado 38	269	45	1	Seguridad en Redes
Anonimizado 38	157	0		Redes de Computadores
Anonimizado 38				
Anonimizado 38				
Anonimizado 38				
Anonimizado 38				
Anonimizado 38				
Anonimizado 38				
Anonimizado 38				
Anonimizado 38				
Anonimizado 38				
Anonimizado 39	97	60	1	Evolución y Adaptación del Software
Anonimizado 39				
Anonimizado 39				
Anonimizado 39				
Anonimizado 39				
Anonimizado 39				
Anonimizado 39				
Anonimizado 39				
Anonimizado 39				
Anonimizado 39				
Anonimizado 39				
Anonimizado 39				
Anonimizado 40	188	35		Matemática Discreta
Anonimizado 40	255	60	1	Estadística
Anonimizado 40	8	60	1	Estadística
Anonimizado 40	287	30	1	Bioestadística
Anonimizado 40	289	20		Estadística
Anonimizado 40				
Anonimizado 40				
Anonimizado 40				
Anonimizado 40				
Anonimizado 40				
Anonimizado 40				
Anonimizado 40				
Anonimizado 41	307	60	1	Programación II
Anonimizado 41	194	30		Bases de Datos
Anonimizado 41	171	0		Sistemas de Información
Anonimizado 41	168	0		Sistemas Operativos
Anonimizado 41				
Anonimizado 41				
Anonimizado 41				
Anonimizado 41				
Anonimizado 41				
Anonimizado 41				
Anonimizado 41				
Anonimizado 41				
Anonimizado 42	43	60	1	Estadística
Anonimizado 42	76	60	1	Estadística
Anonimizado 42	306	30		Probabilidad y Estadística
Anonimizado 42	144	0	1	Estadística
Anonimizado 42				
Anonimizado 42				
Anonimizado 42				
Anonimizado 42				
Anonimizado 42				
Anonimizado 42				
Anonimizado 42				
Anonimizado 42				
Anonimizado 43	313	19		Trabajo Fin de Grado
Anonimizado 43	92	30		Programación Orientada a Objetos
Anonimizado 43	280	15		Visión Artificial Aplicada a la Ciberseguridad
Anonimizado 43				
Anonimizado 43				
Anonimizado 43				
Anonimizado 43				
Anonimizado 43				
Anonimizado 43				
Anonimizado 43				
Anonimizado 43				
Anonimizado 43				
Anonimizado 44	279	60	1	Sistemas Operativos
Anonimizado 44	103	60	1	Sistemas Operativos
Anonimizado 44	264	60	1	Estructura de Computadores
Anonimizado 44				
Anonimizado 44				
Anonimizado 44				
Anonimizado 44				
Anonimizado 44				
Anonimizado 44				
Anonimizado 44				
Anonimizado 44				
Anonimizado 44				
Anonimizado 45	313	60		Trabajo Fin de Grado
Anonimizado 45	89	25		Fundamentos de la Web
Anonimizado 45	159	0		Ampliación de Ingeniería del Software
Anonimizado 45				
Anonimizado 45				
Anonimizado 45				
Anonimizado 45				
Anonimizado 45				
Anonimizado 45				
Anonimizado 45				
Anonimizado 45				
Anonimizado 45				
Anonimizado 46	189	30		Modelado Geométrico
Anonimizado 46	228	60	1	Modelado Geométrico
Anonimizado 46	290	60	1	Fundamentos Físicos
Anonimizado 46				
Anonimizado 46				
Anonimizado 46				
Anonimizado 46				
Anonimizado 46				
Anonimizado 46				
Anonimizado 46				
Anonimizado 46				
Anonimizado 46				
Anonimizado 47				
Anonimizado 47	267	60	1	Programación Avanzada
Anonimizado 47	35	40		Lenguajes de Programación
Anonimizado 47	164	0		Programación Declarativa
Anonimizado 47				
Anonimizado 47				
Anonimizado 47				
Anonimizado 47				
Anonimizado 47				
Anonimizado 47				
Anonimizado 47				
Anonimizado 47				
Anonimizado 48	85	60	1	Análisis e Ingeniería de Requisitos
Anonimizado 48	208	60		Juegos en Red
Anonimizado 48	106	30	1	Paradigmas de Programación
Anonimizado 48	313	6		Trabajo Fin de Grado
Anonimizado 48				
Anonimizado 48				
Anonimizado 48				
Anonimizado 48				
Anonimizado 48				
Anonimizado 48				
Anonimizado 48				
Anonimizado 48				
Anonimizado 49	180	50	1	Informática y Competencia Digital Docente
Anonimizado 49	175	40	1	Informática y Competencia Digital Docente
Anonimizado 49	313	15		Trabajo Fin de Grado
Anonimizado 49				
Anonimizado 49				
Anonimizado 49				
Anonimizado 49				
Anonimizado 49				
Anonimizado 49				
Anonimizado 49				
Anonimizado 49				
Anonimizado 49				
Anonimizado 50	203	30	1	Desarrollo de Juegos con Inteligencia Artificial
Anonimizado 50	242	30	1	Desarrollo de Juegos con Inteligencia Artificial
Anonimizado 50	313	13		Trabajo Fin de Grado
Anonimizado 50	17	20		Tecnología de Computadores (Grupo 1)
Anonimizado 50				
Anonimizado 50				
Anonimizado 50				
Anonimizado 50				
Anonimizado 50				
Anonimizado 50				
Anonimizado 50				
Anonimizado 50				
Anonimizado 51	88	15		Diseño y Análisis de Algoritmos
Anonimizado 51	201	30		Algoritmos para Juegos
Anonimizado 51	313	35		Trabajo Fin de Grado
Anonimizado 51	272	40		Diseño y Análisis de Algoritmos
Anonimizado 51				
Anonimizado 51				
Anonimizado 51				
Anonimizado 51				
Anonimizado 51				
Anonimizado 51				
Anonimizado 51				
Anonimizado 51				
Anonimizado 52	249	30	1	Procesadores Gráficos Avanzados
Anonimizado 52	35	40	1	Lenguajes de Programación
Anonimizado 52	313	45		Trabajo Fin de Grado
Anonimizado 52				
Anonimizado 52				
Anonimizado 52				
Anonimizado 52				
Anonimizado 52				
Anonimizado 52				
Anonimizado 52				
Anonimizado 52				
Anonimizado 52				
Anonimizado 53	52	30		Bases de Datos
Anonimizado 53	87	60	1	Bases de Datos
Anonimizado 53	205	30		Gestión de Datos en Medios Digitales
Anonimizado 53				
Anonimizado 53				
Anonimizado 53				
Anonimizado 53				
Anonimizado 53				
Anonimizado 53				
Anonimizado 53				
Anonimizado 53				
Anonimizado 53				
Anonimizado 54	52	60	1	Bases de Datos
Anonimizado 54	87	30		Bases de Datos
Anonimizado 54	108	60	1	Tecnologías de Bases de Datos
Anonimizado 54	262	30		Bases de Datos
Anonimizado 54				
Anonimizado 54				
Anonimizado 54				
Anonimizado 54				
Anonimizado 54				
Anonimizado 54				
Anonimizado 54				
Anonimizado 54				
Anonimizado 55	216	25	1	Informática (Grupo 1)
Anonimizado 55	217	25	1	Informática (Grupo 2)
Anonimizado 55	218	25	1	Informática (Teoría)
Anonimizado 55	236	20		Fundamentos de Tecnología de Videojuegos
Anonimizado 55	197	20		Fundamentos de Tecnología de Videojuegos
Anonimizado 55				
Anonimizado 55				
Anonimizado 55				
Anonimizado 55				
Anonimizado 55				
Anonimizado 55				
Anonimizado 55				
Anonimizado 56	10	60	1	Estructura de Computadores (Grupo 1)
Anonimizado 56	23	10		Organización de Computadores
Anonimizado 56	122	50	1	Estructura de Computadores
Anonimizado 56	138	60	1	Sistemas Operativos
Anonimizado 56	152	0	1	Estructura de Computadores
Anonimizado 56	309	60	1	Fundamentos de Arquitectura de Computadores
Anonimizado 56				
Anonimizado 56				
Anonimizado 56				
Anonimizado 56				
Anonimizado 56				
Anonimizado 56				
Anonimizado 57	200	60	1	Programación Avanzada
Anonimizado 57	239	60	1	Programación Avanzada
Anonimizado 57	265	20		Métodos Operativos y Estadísticos de Gestión
Anonimizado 57	274	15		Inteligencia Artificial
Anonimizado 57	213	20		Desarrollo de Aplicaciones para Dispositivos Móviles
Anonimizado 57	252	10		Desarrollo de Aplicaciones para Dispositivos Móviles
Anonimizado 57	226	30		Física para Videojuegos
Anonimizado 57				
Anonimizado 57				
Anonimizado 57				
Anonimizado 57				
Anonimizado 57				
Anonimizado 58	296	60	1	Diseño y Análisis de Algoritmos
Anonimizado 58	213	20		Desarrollo de Aplicaciones para Dispositivos Móviles
Anonimizado 58	162	0		Interacción Persona-Ordenador
Anonimizado 58				
Anonimizado 58				
Anonimizado 58				
Anonimizado 58				
Anonimizado 58				
Anonimizado 58				
Anonimizado 58				
Anonimizado 58				
Anonimizado 58				
Anonimizado 59	208	20		Juegos en Red
Anonimizado 59	294	60	1	Metodología de la Programación
Anonimizado 59	50	60		Introducción a la Programación (Grupo 2)
Anonimizado 59	156		1	Programación Orientada a Objetos
Anonimizado 59				
Anonimizado 59				
Anonimizado 59				
Anonimizado 59				
Anonimizado 59				
Anonimizado 59				
Anonimizado 59				
Anonimizado 59				
Anonimizado 60	11	60		Estructura de Computadores (Grupo 2)
Anonimizado 60	125	30	1	Organización y Arquitectura de Computadores
Anonimizado 60	122	20		Estructura de Computadores
Anonimizado 60				
Anonimizado 60				
Anonimizado 60				
Anonimizado 60				
Anonimizado 60				
Anonimizado 60				
Anonimizado 60				
Anonimizado 60				
Anonimizado 60				
Anonimizado 61	196	60	1	Estadística
Anonimizado 61	177	60	1	Estadística
Anonimizado 61	292	60	1	Probabilidad
Anonimizado 61	9	60	1	Estadística
Anonimizado 61				
Anonimizado 61				
Anonimizado 61				
Anonimizado 61				
Anonimizado 61				
Anonimizado 61				
Anonimizado 61				
Anonimizado 61				
Anonimizado 62	298	30	1	Geometría Computacional
Anonimizado 62	227	60	1	Matemática Discreta
Anonimizado 62	313	36		Trabajo Fin de Grado
Anonimizado 62				
Anonimizado 62				
Anonimizado 62				
Anonimizado 62				
Anonimizado 62				
Anonimizado 62				
Anonimizado 62				
Anonimizado 62				
Anonimizado 62				
Anonimizado 63	53	60	1	Diseño y Análisis de Algoritmos
Anonimizado 63	259	30	1	Introducción a la Programación
Anonimizado 63	121	60	1	Diseño y Análisis de Algoritmos
Anonimizado 63	313	20		Trabajo Fin de Grado
Anonimizado 63	151			Diseño y Análisis de Algoritmos
Anonimizado 63				
Anonimizado 63				
Anonimizado 63				
Anonimizado 63				
Anonimizado 63				
Anonimizado 63				
Anonimizado 63				
Anonimizado 64	105	60	1	Multimedia
Anonimizado 64	313	70	1	Trabajo Fin de Grado
Anonimizado 64	39	60	1	Laboratorio de Dispositivos Móviles
Anonimizado 64	4	50	1	Informática y Competencia Digital Docente
Anonimizado 64				
Anonimizado 64				
Anonimizado 64				
Anonimizado 64				
Anonimizado 64				
Anonimizado 64				
Anonimizado 64				
Anonimizado 64				
Anonimizado 65	126	60	1	Programación Orientada a Objetos
Anonimizado 65	132	60	1	Interacción Persona-Ordenador
Anonimizado 65				
Anonimizado 65				
Anonimizado 65				
Anonimizado 65				
Anonimizado 65				
Anonimizado 65				
Anonimizado 65				
Anonimizado 65				
Anonimizado 65				
Anonimizado 65				
Anonimizado 66				
Anonimizado 66	73	60	1	Informática Gráfica
Anonimizado 66	140	60	1	Informática Gráfica
Anonimizado 66				
Anonimizado 66	146	0	1	Fundamentos de Computadores
Anonimizado 66	170	0	1	Informática Gráfica
Anonimizado 66				
Anonimizado 66				
Anonimizado 66				
Anonimizado 66				
Anonimizado 66				
Anonimizado 66				
Anonimizado 67	22	20		Métodos Operativos y Estadísticos de Gestión
Anonimizado 67	56	20		Métodos Operativos y Estadísticos de Gestión
Anonimizado 67	91	20		Métodos Operativos y Estadísticos de Gestión
Anonimizado 67	235	15		Estadística
Anonimizado 67	180	10		Informática y Competencia Digital Docente
Anonimizado 67	175	20		Informática y Competencia Digital Docente
Anonimizado 67	313	3		Trabajo Fin de Grado
Anonimizado 67				
Anonimizado 67				
Anonimizado 67				
Anonimizado 67				
Anonimizado 67				
Anonimizado 68	37	20		Sistemas Inteligentes
Anonimizado 68	203	30		Desarrollo de Juegos con Inteligencia Artificial
Anonimizado 68	242	10		Desarrollo de Juegos con Inteligencia Artificial
Anonimizado 68	274	30		Inteligencia Artificial
Anonimizado 68	265	30		Métodos Operativos y Estadísticos de Gestión
Anonimizado 68				
Anonimizado 68				
Anonimizado 68				
Anonimizado 68				
Anonimizado 68				
Anonimizado 68				
Anonimizado 68				
Anonimizado 69	225	60		Estructuras de Datos
Anonimizado 69	240	20		Algoritmos para Juegos
Anonimizado 69				
Anonimizado 69				
Anonimizado 69				
Anonimizado 69				
Anonimizado 69				
Anonimizado 69				
Anonimizado 69				
Anonimizado 69				
Anonimizado 69				
Anonimizado 69				
Anonimizado 70				
Anonimizado 70	43	20		Estadística
Anonimizado 70	76	20		Estadística
Anonimizado 70	9	20		Estadística
Anonimizado 70	112	60	1	Estadística
Anonimizado 70	289	40	1	Estadística
Anonimizado 70	196	20		Estadística
Anonimizado 70				
Anonimizado 70				
Anonimizado 70				
Anonimizado 70				
Anonimizado 70				
Anonimizado 71	26	60	1	Redes de Computadores
Anonimizado 71	93	60	1	Redes de Computadores
Anonimizado 71				
Anonimizado 71	62	60		Estructuras de Datos Avanzadas
Anonimizado 71	60	40		Teoría de Autómatas y Lenguajes Formales
Anonimizado 71	160	0		Estructuras de Datos Avanzadas
Anonimizado 71	313	10		Trabajo Fin de Grado
Anonimizado 71				
Anonimizado 71				
Anonimizado 71				
Anonimizado 71				
Anonimizado 71				
Anonimizado 72	21	60		Fundamentos de Diseño de Software
Anonimizado 72	25	60		Programación Orientada a Objetos
Anonimizado 72	126	30		Programación Orientada a Objetos
Anonimizado 72	148	0		Introducción a la Programación
Anonimizado 72				
Anonimizado 72				
Anonimizado 72				
Anonimizado 72				
Anonimizado 72				
Anonimizado 72				
Anonimizado 72				
Anonimizado 72				
Anonimizado 73	64	60	1	Interacción Persona-Ordenador
Anonimizado 73	34	30		Interacción Persona-Ordenador
Anonimizado 73	173	60	1	Informática y Competencia Digital Docente
Anonimizado 73	174	60	1	Informática y Competencia Digital Docente
Anonimizado 73	191	20		Principios Jurídicos Básicos, Deontología Profesional e Igualdad
Anonimizado 73				
Anonimizado 73				
Anonimizado 73				
Anonimizado 73				
Anonimizado 73				
Anonimizado 73				
Anonimizado 73				
Anonimizado 74	86	60	1	Arquitectura e Ingeniería de Computadores
Anonimizado 74	19	60	1	Arquitectura de Computadores
Anonimizado 74	187	60	1	Física para Videojuegos
Anonimizado 74				
Anonimizado 74				
Anonimizado 74				
Anonimizado 74				
Anonimizado 74				
Anonimizado 74				
Anonimizado 74				
Anonimizado 74				
Anonimizado 74				
Anonimizado 75	38	25		Gráficos por Computador
Anonimizado 75	181	25		Informática y Competencia Digital Docente
Anonimizado 75	183	30		Informática y Competencia Digital Docente
Anonimizado 75	293	36	1	Lenguajes Formales
Anonimizado 75	128	8		Teoría de Autómatas y Lenguajes Formales
Anonimizado 75				
Anonimizado 75				
Anonimizado 75				
Anonimizado 75				
Anonimizado 75				
Anonimizado 75				
Anonimizado 75				
Anonimizado 76	181	45	1	Informática y Competencia Digital Docente
Anonimizado 76	183	40	1	Informática y Competencia Digital Docente
Anonimizado 76	38	35	1	Gráficos por Computador
Anonimizado 76	128	36	1	Teoría de Autómatas y Lenguajes Formales
Anonimizado 76	293	24		Lenguajes Formales
Anonimizado 76	158	0		Teoría de Autómatas y Lenguajes Formales
Anonimizado 76				
Anonimizado 76				
Anonimizado 76				
Anonimizado 76				
Anonimizado 76				
Anonimizado 76				
Anonimizado 77	12	60	1	Estructuras de Datos (Grupo 1)
Anonimizado 77	36	60	1	Programación Concurrente
Anonimizado 77	313	120		Trabajo Fin de Grado
Anonimizado 77				
Anonimizado 77				
Anonimizado 77				
Anonimizado 77				
Anonimizado 77				
Anonimizado 77				
Anonimizado 77				
Anonimizado 77				
Anonimizado 77				
Anonimizado 78	313	50		Trabajo Fin de Grado
Anonimizado 78	254	20		Juegos para Web y Redes Sociales
Anonimizado 78				
Anonimizado 78				
Anonimizado 78				
Anonimizado 78				
Anonimizado 78				
Anonimizado 78				
Anonimizado 78				
Anonimizado 78				
Anonimizado 78				
Anonimizado 78				
Anonimizado 79	124	60	1	Métodos Operativos y Estadísticos de Gestión
Anonimizado 79	297	60	1	Estadística Matemática
Anonimizado 79	288	66	1	Matemáticas III
Anonimizado 79				
Anonimizado 79				
Anonimizado 79				
Anonimizado 79				
Anonimizado 79				
Anonimizado 79				
Anonimizado 79				
Anonimizado 79				
Anonimizado 79				
Anonimizado 80	83	60		Introducción a la Programación (Grupo 2)
Anonimizado 80	178	60	1	ICT in Education
Anonimizado 80				
Anonimizado 80				
Anonimizado 80				
Anonimizado 80				
Anonimizado 80				
Anonimizado 80				
Anonimizado 80				
Anonimizado 80				
Anonimizado 80				
Anonimizado 80				
Anonimizado 81	203	20		Desarrollo de Juegos con Inteligencia Artificial
Anonimizado 81	242	40		Desarrollo de Juegos con Inteligencia Artificial
Anonimizado 81	211	30		Realidad Virtual
Anonimizado 81				
Anonimizado 81				
Anonimizado 81				
Anonimizado 81				
Anonimizado 81				
Anonimizado 81				
Anonimizado 81				
Anonimizado 81				
Anonimizado 81				
Anonimizado 82	212	30		Comportamiento de Personajes
Anonimizado 82	211	60	1	Realidad Virtual
Anonimizado 82	41	20		Robótica y Domótica
Anonimizado 82	313	10		Trabajo Fin de Grado
Anonimizado 82				
Anonimizado 82				
Anonimizado 82				
Anonimizado 82				
Anonimizado 82				
Anonimizado 82				
Anonimizado 82				
Anonimizado 82				
Anonimizado 83	231	60	1	Programación Visual
Anonimizado 83	192	60	1	Programación Visual
Anonimizado 83	182	60	1	Informática y Competencia Digital Docente
Anonimizado 83	173	30		Informática y Competencia Digital Docente
Anonimizado 83	313	8		Trabajo Fin de Grado
Anonimizado 83				
Anonimizado 83				
Anonimizado 83				
Anonimizado 83				
Anonimizado 83				
Anonimizado 83				
Anonimizado 83				
Anonimizado 84	176	60	1	Estadística
Anonimizado 84	302	30	1	Estadística
Anonimizado 84	313	60		Trabajo Fin de Grado
Anonimizado 84	235	20		Estadística
Anonimizado 84				
Anonimizado 84				
Anonimizado 84				
Anonimizado 84				
Anonimizado 84				
Anonimizado 84				
Anonimizado 84				
Anonimizado 84				
Anonimizado 85	7	30		Optimización y Análisis de Redes
Anonimizado 85	100	60	1	Investigación Operativa
Anonimizado 85	295	30		Métodos Estadísticos de Gestión e Investigación
Anonimizado 85	75	15		Visión Artificial
Anonimizado 85	280	15		Visión Artificial Aplicada a la Ciberseguridad
Anonimizado 85	227	10		Matemática Discreta
Anonimizado 85	121	20		Diseño y Análisis de Algoritmos
Anonimizado 85				
Anonimizado 85				
Anonimizado 85				
Anonimizado 85				
Anonimizado 85				
Anonimizado 86	79	60	1	Fundamentos Fí­sicos de la Informática
Anonimizado 86	46	60		Fundamentos de Computadores (Grupo 1)
Anonimizado 86				
Anonimizado 86				
Anonimizado 86				
Anonimizado 86				
Anonimizado 86				
Anonimizado 86				
Anonimizado 86				
Anonimizado 86				
Anonimizado 86				
Anonimizado 86				
Anonimizado 87	313	15		Trabajo Fin de Grado
Anonimizado 87	139	60	1	Arquitecturas Avanzadas de Computadores
Anonimizado 87	72	60	1	Arquitecturas Avanzadas de Computadores
Anonimizado 87	80	10		Introducción a la Informática (Grupo 1)
Anonimizado 87				
Anonimizado 87				
Anonimizado 87				
Anonimizado 87				
Anonimizado 87				
Anonimizado 87				
Anonimizado 87				
Anonimizado 87				
Anonimizado 88	58	45	1	Programación Orientada a Objetos
Anonimizado 88	239	30		Programación Avanzada
Anonimizado 88	57	60	1	Organización y Arquitectura de Computadores
Anonimizado 88	125	30		Organización y Arquitectura de Computadores
Anonimizado 88	193	0		Arquitecturas Gráficas
Anonimizado 88				
Anonimizado 88	86	10		Arquitectura e Ingeniería de Computadores
Anonimizado 88				
Anonimizado 88				
Anonimizado 88				
Anonimizado 88				
Anonimizado 88				
Anonimizado 89	260	60	1	Lógica
Anonimizado 89	303	60	1	Lógica
Anonimizado 89	98	20		Ingeniería del Conocimiento
Anonimizado 89	66	30		Programación Declarativa
Anonimizado 89	63	20		Inteligencia Artificial
Anonimizado 89	131	10		Inteligencia Artificial
Anonimizado 89	308	30		Programación Declarativa
Anonimizado 89				
Anonimizado 89				
Anonimizado 89				
Anonimizado 89				
Anonimizado 89				
Anonimizado 90	237	60	1	Informática Gráfica
Anonimizado 90	313	40		Trabajo Fin de Grado
Anonimizado 90				
Anonimizado 90				
Anonimizado 90				
Anonimizado 90				
Anonimizado 90				
Anonimizado 90				
Anonimizado 90				
Anonimizado 90				
Anonimizado 90				
Anonimizado 90				
Anonimizado 91	278	30	1	Sistemas de Información
Anonimizado 91	34	60	1	Interacción Persona-Ordenador
Anonimizado 91	214	20		Gestión y Dirección de Proyectos
Anonimizado 91				
Anonimizado 91	99	30		Interacción Persona-Ordenador
Anonimizado 91	275	30		Metodologías de Desarrollo Seguro
Anonimizado 91				
Anonimizado 91				
Anonimizado 91				
Anonimizado 91				
Anonimizado 91				
Anonimizado 91				
Anonimizado 92	198	20		Informática Gráfica
Anonimizado 92	212	20	1	Comportamiento de Personajes
Anonimizado 92	251	30	1	Comportamiento de Personajes
Anonimizado 92	250	60		Realidad Virtual
Anonimizado 92	240	60		Algoritmos para Juegos
Anonimizado 92	225	30		Estructuras de Datos
Anonimizado 92	209	20		Personajes y Escenarios
Anonimizado 92				
Anonimizado 92				
Anonimizado 92				
Anonimizado 92				
Anonimizado 92				
Anonimizado 93	18	60		Tecnología de Computadores (Grupo 2)
Anonimizado 93	257	60	1	Fundamentos Físicos de la Informática
Anonimizado 93	193	60	1	Arquitecturas Gráficas
Anonimizado 93				
Anonimizado 93				
Anonimizado 93				
Anonimizado 93				
Anonimizado 93				
Anonimizado 93				
Anonimizado 93				
Anonimizado 93				
Anonimizado 93				
Anonimizado 94	17	40	1	Tecnología de Computadores (Grupo 1)
Anonimizado 94	260	10		Lógica
Anonimizado 94	303	30		Lógica
Anonimizado 94	64	10		Interacción Persona-Ordenador
Anonimizado 94	257	20		Fundamentos Físicos de la Informática
Anonimizado 94	179	60	1	Computer Science and Digital Competence
Anonimizado 94	141	30		Sistemas Basados en Conocimiento
Anonimizado 94	178	30		ICT in Education
Anonimizado 94				
Anonimizado 94				
Anonimizado 94				
Anonimizado 94				
Anonimizado 95	259	60		Introducción a la Programación
Anonimizado 95	15	60	1	Introducción a la Programación (Grupo 1)
Anonimizado 95	205	60	1	Gestión de Datos en Medios Digitales
Anonimizado 95	244	60	1	Gestión de Datos en Medios Digitales
Anonimizado 95				
Anonimizado 95				
Anonimizado 95				
Anonimizado 95				
Anonimizado 95				
Anonimizado 95				
Anonimizado 95				
Anonimizado 95				
Anonimizado 96	185	60	1	Diseño Digital 3D
Anonimizado 96	224	60	1	Diseño Digital 3D
Anonimizado 96	241	60		Animación 3D
Anonimizado 96	223	30		Diseño Digital 2D
Anonimizado 96	313	58		Trabajo Fin de Grado
Anonimizado 96				
Anonimizado 96				
Anonimizado 96				
Anonimizado 96				
Anonimizado 96				
Anonimizado 96				
Anonimizado 96				
Anonimizado 97	210	30	1	Procesadores Gráficos Avanzados
Anonimizado 97	62	30	1	Estructuras de Datos Avanzadas
Anonimizado 97	77	60	1	Estructuras de Datos (Grupo 1)
Anonimizado 97	249	60		Procesadores Gráficos Avanzados
Anonimizado 97	284	30	1	Pentesting
Anonimizado 97	82	40	1	Introducción a la Programación (Grupo 1)
Anonimizado 97				
Anonimizado 97				
Anonimizado 97				
Anonimizado 97				
Anonimizado 97				
Anonimizado 97				
Anonimizado 98	49	60	1	Introducción a la Programación (Grupo 1)
Anonimizado 98	55	60	1	Ingeniería del Software
Anonimizado 98	299	60	1	Modelado del Software
Anonimizado 98	277	60	1	Seguridad en Bases de Datos
Anonimizado 98	20	60	1	Bases de Datos
Anonimizado 98				
Anonimizado 98				
Anonimizado 98				
Anonimizado 98				
Anonimizado 98				
Anonimizado 98				
Anonimizado 98				
Anonimizado 99	207	60	1	Interacción Persona-Máquina y Usabilidad
Anonimizado 99				
Anonimizado 99	214	60	1	Gestión y Dirección de Proyectos
Anonimizado 99				
Anonimizado 99	32	60	1	Dirección y Gestión de Proyectos
Anonimizado 99	195	30	1	Empresa y Videojuegos
Anonimizado 99	199	15		Proceso de Desarrollo de Videojuegos
Anonimizado 99	99	60	1	Interacción Persona-Ordenador
Anonimizado 99				
Anonimizado 99				
Anonimizado 99				
Anonimizado 99				
Anonimizado 100	280	15	1	Visión Artificial Aplicada a la Ciberseguridad
Anonimizado 100	185	30		Diseño Digital 3D
Anonimizado 100	92	60	1	Programación Orientada a Objetos
Anonimizado 100				
Anonimizado 100	59	60	1	Redes de Computadores
Anonimizado 100	202	60		Animación 3D
Anonimizado 100	313	15		Trabajo Fin de Grado
Anonimizado 100				
Anonimizado 100				
Anonimizado 100				
Anonimizado 100				
Anonimizado 100				
Anonimizado 101	204	60	1	Entornos Multijugador
Anonimizado 101	243	60	1	Entornos Multijugador
Anonimizado 101	254	60	1	Juegos para Web y Redes Sociales
Anonimizado 101	215	60	1	Juegos para Web y Redes Sociales
Anonimizado 101	313	60		Trabajo Fin de Grado
Anonimizado 101				
Anonimizado 101				
Anonimizado 101				
Anonimizado 101				
Anonimizado 101				
Anonimizado 101				
Anonimizado 101				
Anonimizado 102	313	30		Trabajo Fin de Grado
Anonimizado 102	101	25		Procesos de Software
Anonimizado 102	273	25		Ingeniería del Software
Anonimizado 102				
Anonimizado 102	60	40		Teoría de Autómatas y Lenguajes Formales
Anonimizado 102				
Anonimizado 102	94	60	1	Calidad del Software
Anonimizado 102	199	49	1	Proceso de Desarrollo de Videojuegos
Anonimizado 102	26	20		Redes de Computadores
Anonimizado 102	93	20		Redes de Computadores
Anonimizado 102	59	20		Redes de Computadores
Anonimizado 102				
Anonimizado 103	262	60	1	Bases de Datos
Anonimizado 103	263	60	1	Desarrollo Web Seguro
Anonimizado 103	194	60	1	Bases de Datos
Anonimizado 103	89	55	1	Fundamentos de la Web
Anonimizado 103	68	20		Sistemas Distribuidos
Anonimizado 103	233	30		Bases de Datos
Anonimizado 103				
Anonimizado 103				
Anonimizado 103				
Anonimizado 103				
Anonimizado 103				
Anonimizado 103				
Anonimizado 104	247	60	1	Juegos en Red
Anonimizado 104	246	60	1	Interacción Persona-Máquina y Usabilidad
Anonimizado 104	252	60	1	Desarrollo de Aplicaciones para Dispositivos Móviles
Anonimizado 104	229	30	1	Multimedia
Anonimizado 104	253	20		Gestión y Dirección de Proyectos
Anonimizado 104	228	30		Modelado Geométrico
Anonimizado 104	313	10		Trabajo Fin de Grado
Anonimizado 104	250	30		Realidad Virtual
Anonimizado 104				
Anonimizado 104				
Anonimizado 104				
Anonimizado 104				
Anonimizado 105	256	30		Estructuras de Datos
Anonimizado 105	67	30		Seguridad Informática
Anonimizado 105	102	40	1	Seguridad Informática
Anonimizado 105	113	30		Estructuras de Datos (Grupo 1)
Anonimizado 105				
Anonimizado 105				
Anonimizado 105				
Anonimizado 105				
Anonimizado 105				
Anonimizado 105				
Anonimizado 105				
Anonimizado 105				
Anonimizado 106	54	25		Estructura de Computadores
Anonimizado 106	58	45		Programación Orientada a Objetos
Anonimizado 106	112	20		Estadística
Anonimizado 106	81	60	1	Introducción a la Informática (Grupo 2)
Anonimizado 106	74	60	1	Sistemas de Información
Anonimizado 106	142	60	1	Sistemas de Información
Anonimizado 106	255	20		Estadística
Anonimizado 106				
Anonimizado 106				
Anonimizado 106				
Anonimizado 106				
Anonimizado 106				
Anonimizado 107	313	10		Trabajo Fin de Grado
Anonimizado 107				
Anonimizado 107	215	20		Juegos para Web y Redes Sociales
Anonimizado 107				
Anonimizado 107	231	30		Programación Visual
Anonimizado 107	192	30		Programación Visual
Anonimizado 107				
Anonimizado 107	278	34		Sistemas de Información
Anonimizado 107	45	30		Estructuras de Datos (Grupo 2)
Anonimizado 107	115	20		Fundamentos de Computadores
Anonimizado 107				
Anonimizado 107				
Anonimizado 108	248	30		Personajes y Escenarios
Anonimizado 108	209	30		Personajes y Escenarios
Anonimizado 108	223	30		Diseño Digital 2D
Anonimizado 108				
Anonimizado 108				
Anonimizado 108				
Anonimizado 108				
Anonimizado 108				
Anonimizado 108				
Anonimizado 108				
Anonimizado 108				
Anonimizado 108				
Anonimizado 109				
Anonimizado 109	230	20		Principios Jurídicos Básicos, Deontología Profesional e Igualdad
Anonimizado 109	28	30		Ampliación de Redes de Computadores
Anonimizado 109	51	20		Principios Jurídicos Básicos: Deontología Profesional e Igualdad
Anonimizado 109	84	20		Principios Jurídicos Básicos, Deontología Profesional e Igualdad
Anonimizado 109	266	20		Principios Jurídicos Básicos Aplicados a la Ciberseguridad
Anonimizado 109	24	20		Principios Jurídicos Básicos, Deontología Profesional e Igualdad
Anonimizado 109	127	36		Redes de Computadores
Anonimizado 109	149	0		Principios Jurídicos Básicos, Deontología Profesional e Igualdad
Anonimizado 109	313	5		Trabajo Fin de Grado
Anonimizado 109				
Anonimizado 109				
Anonimizado 110				
Anonimizado 110	135	60	1	Seguridad Informática
Anonimizado 110	138	30		Sistemas Operativos
Anonimizado 110	116	20		Fundamentos Físicos de la Informática
Anonimizado 110	28	20		Ampliación de Redes de Computadores
Anonimizado 110	96	20		Diseño y Arquitectura del Software
Anonimizado 110	313	5		Trabajo Fin de Grado
Anonimizado 110	124	20		Métodos Operativos y Estadísticos de Gestión
Anonimizado 110				
Anonimizado 110				
Anonimizado 110				
Anonimizado 110				
Anonimizado 111	246	30		Interacción Persona-Máquina y Usabilidad
Anonimizado 111	253	60		Gestión y Dirección de Proyectos
Anonimizado 111	247	20		Juegos en Red
Anonimizado 111	238	20		Proceso de Desarrollo de Videojuegos
Anonimizado 111	313	5		Trabajo Fin de Grado
Anonimizado 111	252	10		Desarrollo de Aplicaciones para Dispositivos Móviles
Anonimizado 111				
Anonimizado 111				
Anonimizado 111				
Anonimizado 111				
Anonimizado 111				
Anonimizado 111				
Anonimizado 112	283	40		Inteligencia de la Seguridad
Anonimizado 112	279	30		Sistemas Operativos
Anonimizado 112	27	50		Sistemas Operativos
Anonimizado 112				
Anonimizado 112				
Anonimizado 112				
Anonimizado 112				
Anonimizado 112				
Anonimizado 112				
Anonimizado 112				
Anonimizado 112				
Anonimizado 112				
Anonimizado 113	233	30		Bases de Datos
Anonimizado 113	238	60		Proceso de Desarrollo de Videojuegos
Anonimizado 113				
Anonimizado 113				
Anonimizado 113				
Anonimizado 113				
Anonimizado 113				
Anonimizado 113				
Anonimizado 113				
Anonimizado 113				
Anonimizado 113				
Anonimizado 113				
Anonimizado 114	30	20		Computación de Altas Prestaciones
Anonimizado 114	213	40		Desarrollo de Aplicaciones para Dispositivos Móviles
Anonimizado 114	21	30		Fundamentos de Diseño de Software
Anonimizado 114	200	30		Programación Avanzada
Anonimizado 114				
Anonimizado 114				
Anonimizado 114				
Anonimizado 114				
Anonimizado 114				
Anonimizado 114				
Anonimizado 114				
Anonimizado 114				
Anonimizado 115	70	30		Sistemas Operativos
Anonimizado 115	103	30		Sistemas Operativos
Anonimizado 115	97	20		Evolución y Adaptación del Software
Anonimizado 115	57	30		Organización y Arquitectura de Computadores
Anonimizado 115	27	10		Sistemas Operativos
Anonimizado 115				
Anonimizado 115				
Anonimizado 115				
Anonimizado 115				
Anonimizado 115				
Anonimizado 115				
Anonimizado 115				
Anonimizado 116	42	60	1	Seguridad Informática
Anonimizado 116	67	50		Seguridad Informática
Anonimizado 116	123	20		Ingeniería del Software
Anonimizado 116	269	45		Seguridad en Redes
Anonimizado 116				
Anonimizado 116				
Anonimizado 116				
Anonimizado 116				
Anonimizado 116				
Anonimizado 116				
Anonimizado 116				
Anonimizado 116				
Anonimizado 117	236	30		Fundamentos de Tecnología de Videojuegos
Anonimizado 117	285	15		Protección de Infraestructuras Críticas
Anonimizado 117	90	30		Metodología de la Programación
Anonimizado 117	107	30		Programación Concurrente
Anonimizado 117				
Anonimizado 117				
Anonimizado 117				
Anonimizado 117				
Anonimizado 117				
Anonimizado 117				
Anonimizado 117				
Anonimizado 117				
Anonimizado 118	184	30		Diseño Digital 2D
Anonimizado 118	206	30		Ingeniería de Videojuegos
Anonimizado 118	245	30		Ingeniería de Videojuegos
Anonimizado 118	204	20		Entornos Multijugador
Anonimizado 118	234	30		Empresa y Videojuegos
Anonimizado 118	243	20		Entornos Multijugador
Anonimizado 118	190	20		Multimedia
Anonimizado 118				
Anonimizado 118				
Anonimizado 118				
Anonimizado 118				
Anonimizado 118				
Anonimizado 119	90	60		Metodología de la Programación
Anonimizado 119	285	30		Protección de Infraestructuras Críticas
Anonimizado 119				
Anonimizado 119				
Anonimizado 119				
Anonimizado 119				
Anonimizado 119				
Anonimizado 119				
Anonimizado 119				
Anonimizado 119				
Anonimizado 119				
Anonimizado 119				
Anonimizado 120	19	20		Arquitectura de Computadores
Anonimizado 120	193	10		Arquitecturas Gráficas
Anonimizado 120	197	30		Fundamentos de Tecnología de Videojuegos
Anonimizado 120	219	60		TIC y Lengua Española
Anonimizado 120				
Anonimizado 120				
Anonimizado 120				
Anonimizado 120				
Anonimizado 120				
Anonimizado 120				
Anonimizado 120				
Anonimizado 120				
Anonimizado 121	136	60	1	Sistemas Distribuidos
Anonimizado 121	130	10		Estructuras de Datos Avanzadas
Anonimizado 121	135	20		Seguridad Informática
Anonimizado 121				
Anonimizado 121				
Anonimizado 121				
Anonimizado 121				
Anonimizado 121				
Anonimizado 121				
Anonimizado 121				
Anonimizado 121				
Anonimizado 121				
Anonimizado 122	16	60	1	Introducción a la Programación (Grupo 2)
Anonimizado 122	129	60	1	Ampliación de Ingeniería del Software
Anonimizado 122				
Anonimizado 122				
Anonimizado 122				
Anonimizado 122				
Anonimizado 122				
Anonimizado 122				
Anonimizado 122				
Anonimizado 122				
Anonimizado 122				
Anonimizado 122				
Anonimizado 123	68	60	1	Sistemas Distribuidos
Anonimizado 123	136	20		Sistemas Distribuidos
Anonimizado 123	36	20		Programación Concurrente
Anonimizado 123	95	20		Desarrollo de Aplicaciones Web
Anonimizado 123				
Anonimizado 123				
Anonimizado 123				
Anonimizado 123				
Anonimizado 123				
Anonimizado 123				
Anonimizado 123				
Anonimizado 123				
Anonimizado 124				
Anonimizado 124				
Anonimizado 124	291	20	1	Introducción a la Programación
Anonimizado 124				
Anonimizado 124				
Anonimizado 124				
Anonimizado 124				
Anonimizado 124				
Anonimizado 124				
Anonimizado 124				
Anonimizado 124				
Anonimizado 124				
Anonimizado 125	22	60		Métodos Operativos y Estadísticos de Gestión
Anonimizado 125	286	30		Regulación y Gobernanza de la Seguridad
Anonimizado 125				
Anonimizado 125				
Anonimizado 125				
Anonimizado 125				
Anonimizado 125				
Anonimizado 125				
Anonimizado 125				
Anonimizado 125				
Anonimizado 125				
Anonimizado 125				
Anonimizado 126	271	60		Arquitectura de Computadores
Anonimizado 126	232	30		Arquitecturas Gráficas
Anonimizado 126				
Anonimizado 126				
Anonimizado 126				
Anonimizado 126				
Anonimizado 126				
Anonimizado 126				
Anonimizado 126				
Anonimizado 126				
Anonimizado 126				
Anonimizado 126				
Anonimizado 127	107	30	1	Programación Concurrente
Anonimizado 127	283	10		Inteligencia de la Seguridad
Anonimizado 127	277	30		Seguridad en Bases de Datos
Anonimizado 127	14	20		Fundamentos Físicos de los Computadores
Anonimizado 127				
Anonimizado 127				
Anonimizado 127				
Anonimizado 127				
Anonimizado 127				
Anonimizado 127				
Anonimizado 127				
Anonimizado 127				
Anonimizado 128	282	10		Auditoría
Anonimizado 128	70	30		Sistemas Operativos
Anonimizado 128	286	10		Regulación y Gobernanza de la Seguridad
Anonimizado 128	174	30		Informática y Competencia Digital Docente
Anonimizado 128				
Anonimizado 128				
Anonimizado 128				
Anonimizado 128				
Anonimizado 128				
Anonimizado 128				
Anonimizado 128				
Anonimizado 128				
Anonimizado 129	272	15		Diseño y Análisis de Algoritmos
Anonimizado 129	27	30		Sistemas Operativos
Anonimizado 129	53	20		Diseño y Análisis de Algoritmos
Anonimizado 129	55	20		Ingeniería del Software
Anonimizado 129				
Anonimizado 129				
Anonimizado 129				
Anonimizado 129				
Anonimizado 129				
Anonimizado 129				
Anonimizado 129				
Anonimizado 129				
Anonimizado 130				
Anonimizado 130				
Anonimizado 130				
Anonimizado 130				
Anonimizado 130				
Anonimizado 130	282	30		Auditoría
Anonimizado 130	276	50		Redes Avanzadas y Computación en la Nube
Anonimizado 130				
Anonimizado 130				
Anonimizado 130				
Anonimizado 130				
Anonimizado 130				
Anonimizado 131	33	30		Diseño de Sistemas Empotrados
Anonimizado 131	69	30		Sistemas Empotrados y de Tiempo Real
Anonimizado 131	106	30		Paradigmas de Programación
Anonimizado 131				
Anonimizado 131				
Anonimizado 131				
Anonimizado 131				
Anonimizado 131				
Anonimizado 131				
Anonimizado 131				
Anonimizado 131				
Anonimizado 131				
Anonimizado 132	133	60		Procesadores de Lenguajes
Anonimizado 132	134	30		Programación Declarativa
Anonimizado 132				
Anonimizado 132				
Anonimizado 132				
Anonimizado 132				
Anonimizado 132				
Anonimizado 132				
Anonimizado 132				
Anonimizado 132				
Anonimizado 132				
Anonimizado 132				
Anonimizado 133				
Anonimizado 133				
Anonimizado 133				
Anonimizado 133				
Anonimizado 133				
Anonimizado 133				
Anonimizado 133				
Anonimizado 133				
Anonimizado 133				
Anonimizado 133				
Anonimizado 133				
Anonimizado 133				
Anonimizado 134	80	10		Introducción a la Informática (Grupo 1)
Anonimizado 134	189	30		Modelado Geométrico
Anonimizado 134	181	20		Informática y Competencia Digital Docente
Anonimizado 134				
Anonimizado 134				
Anonimizado 134				
Anonimizado 134				
Anonimizado 134				
Anonimizado 134				
Anonimizado 134				
Anonimizado 134				
Anonimizado 134				
Anonimizado 135				
Anonimizado 135	183	20		Informática y Competencia Digital Docente
Anonimizado 135	207	30		Interacción Persona-Máquina y Usabilidad
Anonimizado 135	5	10		Minería de Datos
Anonimizado 135				
Anonimizado 135				
Anonimizado 135				
Anonimizado 135				
Anonimizado 135				
Anonimizado 135				
Anonimizado 135				
Anonimizado 135				
Anonimizado 136	61	30		Ampliación de Ingeniería del Software
Anonimizado 136	31	30		Desarrollo de Aplicaciones Distribuidas
Anonimizado 136				
Anonimizado 136				
Anonimizado 136				
Anonimizado 136				
Anonimizado 136				
Anonimizado 136				
Anonimizado 136				
Anonimizado 136				
Anonimizado 136				
Anonimizado 136				
Anonimizado 137	275	30		Metodologías de Desarrollo Seguro
Anonimizado 137	307	30		Programación II
Anonimizado 137				
Anonimizado 137				
Anonimizado 137				
Anonimizado 137				
Anonimizado 137				
Anonimizado 137				
Anonimizado 137				
Anonimizado 137				
Anonimizado 137				
Anonimizado 137				
Anonimizado 138	88	20		Diseño y Análisis de Algoritmos
Anonimizado 138	201	20		Algoritmos para Juegos
Anonimizado 138	82	20		Introducción a la Programación (Grupo 1)
Anonimizado 138				
Anonimizado 138				
Anonimizado 138				
Anonimizado 138				
Anonimizado 138				
Anonimizado 138				
Anonimizado 138				
Anonimizado 138				
Anonimizado 138				
Anonimizado 139	85	20		Análisis e Ingeniería de Requisitos
Anonimizado 139	4	40		Informática y Competencia Digital Docente
Anonimizado 139				
Anonimizado 139				
Anonimizado 139				
Anonimizado 139				
Anonimizado 139				
Anonimizado 139				
Anonimizado 139				
Anonimizado 139				
Anonimizado 139				
Anonimizado 139				
Anonimizado 140	264	20		Estructura de Computadores
Anonimizado 140	54	20		Estructura de Computadores
Anonimizado 140	271	20		Arquitectura de Computadores
Anonimizado 140				
Anonimizado 140				
Anonimizado 140				
Anonimizado 140				
Anonimizado 140				
Anonimizado 140				
Anonimizado 140				
Anonimizado 140				
Anonimizado 140				
Anonimizado 141	256	30		Estructuras de Datos
Anonimizado 141	210	30		Procesadores Gráficos Avanzados
Anonimizado 141				
Anonimizado 141				
Anonimizado 141				
Anonimizado 141				
Anonimizado 141				
Anonimizado 141				
Anonimizado 141				
Anonimizado 141				
Anonimizado 141				
Anonimizado 141				
Anonimizado 142	258	20		Introducción a la Ciberseguridad
Anonimizado 142	281	20		Análisis y Gestión del Riesgo
Anonimizado 142	284	20		Pentesting
Anonimizado 142				
Anonimizado 142				
Anonimizado 142				
Anonimizado 142				
Anonimizado 142				
Anonimizado 142				
Anonimizado 142				
Anonimizado 142				
Anonimizado 142				
Anonimizado 143	275	20		Metodologías de Desarrollo Seguro
Anonimizado 143	102	40		Seguridad Informática
Anonimizado 143				
Anonimizado 143				
Anonimizado 143				
Anonimizado 143				
Anonimizado 143				
Anonimizado 143				
Anonimizado 143				
Anonimizado 143				
Anonimizado 143				
Anonimizado 143				
Anonimizado 144	95	60		Desarrollo de Aplicaciones Web
Anonimizado 144				
Anonimizado 144				
Anonimizado 144				
Anonimizado 144				
Anonimizado 144				
Anonimizado 144				
Anonimizado 144				
Anonimizado 144				
Anonimizado 144				
Anonimizado 144				
Anonimizado 144				
Anonimizado 145	267	30		Programación Avanzada
Anonimizado 145	210	30		Procesadores Gráficos Avanzados
Anonimizado 145				
Anonimizado 145				
Anonimizado 145				
Anonimizado 145				
Anonimizado 145				
Anonimizado 145				
Anonimizado 145				
Anonimizado 145				
Anonimizado 145				
Anonimizado 145				
Anonimizado 146	224	30		Diseño Digital 3D
Anonimizado 146	184	30		Diseño Digital 2D
Anonimizado 146				
Anonimizado 146				
Anonimizado 146				
Anonimizado 146				
Anonimizado 146				
Anonimizado 146				
Anonimizado 146				
Anonimizado 146				
Anonimizado 146				
Anonimizado 146				
Anonimizado 147	237	20		Informática Gráfica
Anonimizado 147	251	20		Comportamiento de Personajes
Anonimizado 147				
Anonimizado 147				
Anonimizado 147				
Anonimizado 147				
Anonimizado 147				
Anonimizado 147				
Anonimizado 147				
Anonimizado 147				
Anonimizado 147				
Anonimizado 147				
Anonimizado 148	62	30		Estructuras de Datos Avanzadas
Anonimizado 148	64	20		Interacción Persona-Ordenador
Anonimizado 148	86	10		Arquitectura e Ingeniería de Computadores
Anonimizado 148				
Anonimizado 148				
Anonimizado 148				
Anonimizado 148				
Anonimizado 148				
Anonimizado 148				
Anonimizado 148				
Anonimizado 148				
Anonimizado 148				
Anonimizado 149	23	10		Organización de Computadores
Anonimizado 149	132	30		Interacción Persona-Ordenador
Anonimizado 149				
Anonimizado 149				
Anonimizado 149				
Anonimizado 149				
Anonimizado 149				
Anonimizado 149				
Anonimizado 149				
Anonimizado 149				
Anonimizado 149				
Anonimizado 149				
Anonimizado 150	104	30		Ingeniería de Sistemas de Información
Anonimizado 150	283	30		Inteligencia de la Seguridad
Anonimizado 150	276	30		Redes Avanzadas y Computación en la Nube
Anonimizado 150				
Anonimizado 150				
Anonimizado 150				
Anonimizado 150				
Anonimizado 150				
Anonimizado 150				
Anonimizado 150				
Anonimizado 150				
Anonimizado 150				
Anonimizado 151	29	60		Ampliación de Sistemas Operativos
Anonimizado 151	190	30		Multimedia
Anonimizado 151	270	30		Técnicas de Hacking
Anonimizado 151	125	30		Organización y Arquitectura de Computadores
Anonimizado 151				
Anonimizado 151				
Anonimizado 151				
Anonimizado 151				
Anonimizado 151				
Anonimizado 151				
Anonimizado 151				
Anonimizado 151				
Anonimizado 152	61	20		Ampliación de Ingeniería del Software
Anonimizado 152	270	60		Técnicas de Hacking
Anonimizado 152	263	30		Desarrollo Web Seguro
Anonimizado 152	78	30		Estructuras de Datos (Grupo 2)
Anonimizado 152	278	16		Sistemas de Información
Anonimizado 152	129	20		Ampliación de Ingeniería del Software
Anonimizado 152				
Anonimizado 152				
Anonimizado 152				
Anonimizado 152				
Anonimizado 152				
Anonimizado 152				
Anonimizado 153	130	60		Estructuras de Datos Avanzadas
Anonimizado 153	65	30		Procesadores de Lenguajes
Anonimizado 153	13	60		Estructuras de Datos (Grupo 2)
Anonimizado 153	133	30		Procesadores de Lenguajes
Anonimizado 153				
Anonimizado 153				
Anonimizado 153				
Anonimizado 153				
Anonimizado 153				
Anonimizado 153				
Anonimizado 153				
Anonimizado 153				
Anonimizado 154	248	20		Personajes y Escenarios
Anonimizado 154	179	30		Computer Science and Digital Competence
Anonimizado 154	206	20		Ingeniería de Videojuegos
Anonimizado 154	245	20		Ingeniería de Videojuegos
Anonimizado 154	223	30		Diseño Digital 2D
Anonimizado 154	184	30		Diseño Digital 2D
Anonimizado 154	189	30		Modelado Geométrico
Anonimizado 154				
Anonimizado 154				
Anonimizado 154				
Anonimizado 154				
Anonimizado 154				
Anonimizado 155	14	60		Fundamentos Físicos de los Computadores
Anonimizado 155	47	60		Fundamentos de Computadores (Grupo 2)
Anonimizado 155	226	30		Física para Videojuegos
Anonimizado 155	310	30		Fundamentos Físicos de los Computadores
Anonimizado 155				
Anonimizado 155				
Anonimizado 155				
Anonimizado 155				
Anonimizado 155				
Anonimizado 155				
Anonimizado 155				
Anonimizado 155				
Anonimizado 156	220	5		Herramientas Tecnológicas para el Ejercicio de la Psicología (Grupo 1)
Anonimizado 156	221	5		Herramientas Tecnológicas para el Ejercicio de la Psicología (Grupo 2)
Anonimizado 156	222	15		Herramientas Tecnológicas para el Ejercicio de la Psicología (Teoría)
Anonimizado 156	109	5		Herramientas Tecnológicas para el Ejercicio de la Psicología (Grupo 1)
Anonimizado 156	110	5		Herramientas Tecnológicas para el Ejercicio de la Psicología (Grupo 2)
Anonimizado 156	111	15		Herramientas Tecnológicas para el Ejercicio de la Psicología (Teoría)
Anonimizado 156	312	30		Aspectos Legales y Éticos 
Anonimizado 156	79	20		Fundamentos Fí­sicos de la Informática
Anonimizado 156	130	10		Estructuras de Datos Avanzadas
Anonimizado 156	226	20		Física para Videojuegos
Anonimizado 156	265	30		Métodos Operativos y Estadísticos de Gestión
Anonimizado 156				
Anonimizado 157	268	30		Redes de Computadores
Anonimizado 157	29	20		Ampliación de Sistemas Operativos
Anonimizado 157	25	30		Programación Orientada a Objetos
Anonimizado 157	104	30		Ingeniería de Sistemas de Información
Anonimizado 157	44	60		Estructuras de Datos (Grupo 1)
Anonimizado 157	229	20		Multimedia
Anonimizado 157				
Anonimizado 157				
Anonimizado 157				
Anonimizado 157				
Anonimizado 157				
Anonimizado 157				
Anonimizado 158				
Anonimizado 158				
Anonimizado 158	30	60		Computación de Altas Prestaciones
Anonimizado 158	114	60		Estructuras de Datos (Grupo 2)
Anonimizado 158				
Anonimizado 158	311	15		Estructura de Computadores
Anonimizado 158				
Anonimizado 158				
Anonimizado 158				
Anonimizado 158				
Anonimizado 158				
Anonimizado 158				
Anonimizado 159	193	20		Arquitecturas Gráficas
Anonimizado 159	232	60		Arquitecturas Gráficas
Anonimizado 159	233	30		Bases de Datos
Anonimizado 159				
Anonimizado 159				
Anonimizado 159				
Anonimizado 159				
Anonimizado 159				
Anonimizado 159				
Anonimizado 159				
Anonimizado 159				
Anonimizado 159				
